,#,File Number,Trade Name,Corp Name,Business Status,Address,City,State,Zip,Mail Address,Mail City,Mail State,Mail Zip,County,Permit Number,Issue Date,Permit Status,OpenYear,OpenMonth
55,55.0,00081271CM-998,Catawba Valley Brewing Company,Catawba Valley Brewing Company,Active,212 South Green Street,Morganton,0.0,28655,0,0,0,0,Burke,00150312BM,2007-08-23 00:00:00,Active,2007,8
62,56.0,00081271CM-997,Catawba Valley Brewing Company,Catawba Valley Brewing Company,Active,32 Banks Avenue Suite 105,Asheville,0.0,28801,0,0,0,0,Buncombe,00236617BM,2016-11-15 15:13:00,Active,2016,11
65,57.0,00081271CM-996,Catawba Valley Brewing Company,Catawba Valley Brewing Company,Active,933 Louise Avenue Suite 105,Charlotte,0.0,28204,0,0,0,0,Mecklenburg,00251894BM,2017-10-05 10:28:00,Active,2017,10
70,60.0,00082756CM-999,Rock Bottom Restaurant and Brewery,Big River Breweries Inc,Active,"401 North Tryon Street, Suite 100",Charlotte,0.0,28202,2001 Riverside Drive Suite 3100,Chattanooga,TN ,37406,Mecklenburg,00082756BM,1998-03-23 00:00:00,Active,1998,3
72,0.0,00083380CM-999,Olde Hickory Brewery,O H B Inc,Active,2828 Hwy 70 West,Hickory,0.0,28602,0,0,0,0,Catawba,00083380BM,1998-04-15 00:00:00,Active,1998,4
73,62.0,00083380CM-998,Olde Hickory Brewery,O H B Inc,Active,2 3rd Street SW,Hickory,0.0,28602,222 Union Square,Hickory,NC ,28601,Catawba,00096810BM,2000-04-06 00:00:00,Active,2000,4
95,0.0,00090855CM-998,Asheville Brewing Company,Asheville Pizza and Brewing Company Inc,Active,77 Coxe Avenue,Asheville,0.0,28801,675 Merrimon Avenue,Asheville,NC ,28804,Buncombe,00143575BM,2006-06-09 00:00:00,Active,2006,6
96,73.0,00090855CM-997,Asheville Pizza and Brewing Company,Asheville Pizza and Brewing Company Inc,Active,66 Asheland Avenue,Asheville,0.0,28801,675 Merrimon Avenue,Asheville,NC ,28804,Buncombe,00242873BM,2017-01-20 16:03:00,Active,2017,1
101,0.0,00096488CM-999,Liberty Brewery and Grill,Liberty Steakhouse and Brewery of High Point Inc,Active,914 Mall Loop Road,High Point,0.0,27262,1177 Southgate Drive,Charleston,SC ,29407,Guilford,00096488BM,2000-04-10 00:00:00,Active,2000,4
103,0.0,0009CM-994,Biltmore Brewing Company,Biltmore Estate Wine Company LLC,Active,12 Old Charlotte Hwy,Asheville,0.0,28803,One North Pack Square,Asheville,NC ,28801,Buncombe,00176963BM,2010-06-14 00:00:00,Active,2010,6
110,0.0,00107697CM-999,Outer Banks Brewing Station,Outer Banks Brewing LLC,Active,600 South Croatan Hwy,Kill Devil Hills,0.0,27948,PO Box 2584,Kill Devil Hills,NC ,27948,Dare,00107697BM,2001-07-05 00:00:00,Active,2001,7
127,0.0,00130084CM-998,Sierra Nevada Brewing Company,Sierra Nevada Brewing Company,Active,100 Sierra Nevada Way,Mills River,0.0,28759,1075 East 20th Street,Chico,CA ,95928,Henderson,00212477BM,2014-09-17 00:00:00,Active,2014,9
129,89.0,00130119CM-999,Natty Greenes Pub and Brewing Company,Hamburger Square Brewhouse Inc,Active,345 South Elm Street,Greensboro,0.0,27401,1918 West Lee Street,Greensboro,NC ,27403,Guilford,00130119BM,2004-09-28 00:00:00,Active,2004,9
131,90.0,00130119CM-998,Natty Greenes Brewing Company,Hamburger Square Brewhouse Inc,Active,1918 West Gate City Blvd,Greensboro,0.0,27403,0,0,0,0,Guilford,00154083BM,2007-08-20 00:00:00,Active,2007,8
135,0.0,00130400CM-999,Pisgah Brewing Company,Pisgah Brewing Company,Active,150 Eastside Business Park Unit 150,Black Mountain,0.0,28711,0,0,0,0,Buncombe,00130400BM,2004-12-02 00:00:00,Active,2004,12
139,0.0,00130968CM-999,Duck Rabbit Craft Brewery,Duck Rabbit Craft Brewery Inc,Active,4519 West Pine Street,Farmville,0.0,27828,0,0,0,0,Pitt,00130968BM,2004-11-01 00:00:00,Active,2004,11
151,0.0,00134957CM-999,Foothills Brewing,638 Brewing Company Inc,Active,638 West 4th Street,Winston Salem,0.0,27101,PO Box 1687,Clemmons,NC ,27012,Forsyth,00134957BM,2005-06-17 00:00:00,Active,2005,6
152,97.0,00134957CM-998,Foothills Brewing,638 Brewing Company Inc,Active,3800 Kimwell Drive,Winston Salem,0.0,27103,PO Box 1687,Clemmons,NC ,27012,Forsyth,00195010BM,2012-02-08 00:00:00,Active,2012,2
179,104.0,00145680CM-999,Weeping Radish Brewery,FarmBrew LLC,Active,6810 Caratoke Hwy,Jarvisburg,0.0,27947,PO Box 389,Jarvisburg,NC ,27947,Currituck,00145680BM,2007-05-18 00:00:00,Active,2007,5
198,108.0,00151427CM-999,Big Boss Brewing,E B C Brewery LLC,Active,1249-A Wicker Drive,Raleigh,0.0,27604,0,0,0,0,Wake,00151427BM,2007-08-17 00:00:00,Active,2007,8
207,0.0,00154222CM-999,Andrews Brewing Company Calaboose Cellars,Jailhouse Winery LLC,Active,565 Aquone Road,Andrews,0.0,28901,PO Box 1818,Andrews,NC ,28901,Cherokee,00154222BM,2013-05-09 00:00:00,Active,2013,5
208,110.0,00154222CM-998,Andrews Brewing Company,Jailhouse Winery LLC,Active,1026 Main Street,Andrews,0.0,28901,PO Box 1818,Andrews,NC ,28901,Cherokee,00252480BM,2018-01-23 10:29:00,Active,2018,1
218,114.0,00161702CM-999,Wedge Brewery,Wedge Brewing Company LLC,Active,37 Paynes Way Suite 001,Asheville,0.0,28801,0,0,NC ,0,Buncombe,00161702BM,2008-08-19 00:00:00,Active,2008,8
226,0.0,00162782CM-997,MillerCoors,MillerCoors LLC,Active,863 East Meadow Road,Eden,0.0,27288,3939 West Highland Blvd,Milwaukee,WI ,53208,Rockingham,00162780BM,2008-09-04 00:00:00,Active,2008,9
229,0.0,00162936CM-998,Morgan Ridge Vineyards,Morgan Ridge Vineyards LLC,Active,486 John Morgan Road,Gold Hill,0.0,28071,0,0,0,0,Rowan,00162936BM,2014-08-16 00:00:00,Active,2014,8
234,118.0,00162936CM-997,Morgan Ridge Railwalk Brewery and Eatery,Morgan Ridge Vineyards LLC,Active,421 North Lee Street,Salisbury,0.0,28144,486 John Morgan Road,Gold Hill,NC ,28071,Rowan,00244592BM,2017-09-11 11:58:00,Active,2017,9
236,119.0,00165205CM-999,Lonerider Brewing Company,Lonerider Brewing Company,Active,8816 Gulf Court Suite 100,Raleigh,0.0,27617,0,0,0,0,Wake,00165205BM,2009-02-11 00:00:00,Active,2009,2
243,0.0,00166081CM-998,Aviator Brewing Company,Aviator Brewing Company Inc,Active,209 Technology Park Lane,Fuquay Varina,0.0,27526,0,0,0,0,Wake,00178180BM,2010-10-13 00:00:00,Active,2010,10
245,122.0,00166233CM-999,Huske Hardware House Restaurant and Brewery,Team Collins H3X LLC,Active,405 Hay Street,Fayetteville,0.0,28301,6904 Towbridge Road,Fayetteville,NC ,28301,Cumberland,00166233BM,2009-03-10 00:00:00,Active,2009,3
256,0.0,00167178CM-999,Round Peak Vineyards,Round Peak Estates LLC,Active,765 Round Peak Church Road,Mount Airy,0.0,27030,16612 Green Dolphin Lane,Cornelius,NC ,28031,Surry,00167178BM,2012-10-04 00:00:00,Active,2012,10
260,0.0,00167178CM-998,Skull Camp Brewing,Round Peak Estates LLC,Active,1980 North Bridge Street,Elkin,0.0,28621,16612 Green Dolphin Lane,Cornelius,NC ,28031,Surry,00217095BM,2015-02-13 00:00:00,Active,2015,2
272,0.0,00167671CM-998,Olde Mecklenburg Brewery,Olde Mecklenburg Brewery LLC,Active,4150 Yancey Road,Charlotte,0.0,28217,4210 Yancey Road,Charlotte,NC,28217,Mecklenburg,00220591BM,2014-11-20 00:00:00,Active,2014,11
283,0.0,00168630CM-999,Red Oak Brewery,Red Oak Brewery LLC,Active,6901 Konica Drive,Whitsett,0.0,27377,0,0,0,0,Guilford,00168630BM,2009-05-01 00:00:00,Active,2009,5
294,0.0,00173988CM-999,Mother Earth Brewing,Mother Earth Brewing LLC,Active,311 North Herritage Street,Kinston,0.0,28501,0,0,0,0,Lenoir,00173988BM,2011-09-13 00:00:00,Active,2011,9
311,0.0,00178737CM-999,Nantahala Brewing Company,Nantahala Brewing Company Inc,Active,61 Depot Street,Bryson City,0.0,28713,PO Box 483,Bryson City,NC ,28713,Swain,00178737BM,2010-07-12 00:00:00,Active,2010,7
323,149.0,00181442CM-999,Fullsteam Brewery,Fullsteam Brewery LLC,Active,726 Rigsbee Avenue,Durham,0.0,27701,0,0,NC ,0,Durham,00181442BM,2010-09-22 00:00:00,Active,2010,9
334,0.0,00183632CM-999,Railhouse Brewery,Railhouse Brewery LLC,Active,122 Garrett Street Suite C,Aberdeen,0.0,28315,105 East South Street,Aberdeen,NC ,28315,Moore,00183632BM,2010-12-29 00:00:00,Active,2010,12
348,0.0,00186312CM-999,Southern Appalachian Brewery,Appalachian Craft Brewery LLC,Active,822 Locust Street Suite 100,Hendersonville,0.0,28792,0,0,0,0,Henderson,00186312BM,2011-04-28 00:00:00,Active,2011,4
356,0.0,00187290CM-999,Frog Level Brewing Company,Frog Level Brewing Company LLC,Active,56 Commerce Street,Waynesville,0.0,28786,PO Box 97,Hazelwood,NC ,28738,Haywood,00187290BM,2011-06-22 00:00:00,Active,2011,6
359,0.0,00188269CM-999,Bull City Burger and Brewery,Bull City Burger and Brewery LLC,Active,107 East Parrish Street Suite 105,Durham,0.0,27701,0,0,0,0,Durham,00188269BM,2011-06-10 00:00:00,Active,2011,6
367,0.0,00188350CM-998,Ass Clown Beer and Wine,Ass Clown Beer and Wine LLC,Active,10620 Bailey Road Suite E and F,Cornelius,0.0,28031,0,0,0,0,Mecklenburg,00196514BM,2012-05-31 00:00:00,Active,2012,5
374,0.0,00188433CM-998,Lost Colony Brewery,Half Moon Junction Inc,Active,106 Hwy 264,Stumpy Point,0.0,27978,102 Holly Court,Manteo,NC ,27954,Dare,00260136BM,2018-10-11 10:26:00,Active,2018,10
377,165.0,00192216CM-999,Bear Creek Brews,Bear Creek Brews LLC,Active,10538 NC 902 Hwy,Bear Creek,0.0,27207,0,0,0,0,Chatham,00192216BM,2011-11-21 00:00:00,Active,2011,11
381,0.0,00192224CM-999,Thirsty Monk South,Thirsty Monk Inc,Active,20 Gala Drive Suite 101,Asheville,0.0,28803,PO Box 7163,Asheville,NC ,28802,Buncombe,00192224BM,2012-02-20 00:00:00,Active,2012,2
385,168.0,00193953CM-999,NoDa Brewing Company,NoDa Brewing Company Inc,Active,2229 North Davidson Street,Charlotte,0.0,28205,0,0,0,0,Mecklenburg,00193953BM,2012-02-13 00:00:00,Active,2012,2
388,169.0,00193953CM-998,NoDa Brewing Company,NoDa Brewing Company Inc,Active,2921 North Tryon Street,Charlotte,0.0,28206,0,0,0,0,Mecklenburg,00234169BM,2016-11-23 08:39:00,Active,2016,11
395,172.0,00194774CM-998,Birdsong Brewing Company,Birdsong Brewing LLC,Active,1016 North Davidson Street,Charlotte,0.0,28206,PO Box 790902,Charlotte,NC ,28206,Mecklenburg,00227596BM,2015-11-25 09:55:00,Active,2015,11
412,0.0,00196428CM-999,Sub Noir Brewing Company,Sub Noir Brewing Company LLC,Active,2039 Progress Court,Raleigh,0.0,27608,0,0,0,0,Wake,00196428BM,2012-11-02 00:00:00,Active,2012,11
422,0.0,00196687CM-999,Brevard Brewing Company,Brevard Brewing Company LLC,Active,63 East Main Street,Brevard,0.0,28712,0,0,0,0,Transylvania,00196687BM,2012-05-31 00:00:00,Active,2012,5
438,185.0,00200681CM-999,White Street Brewing Company,White Street Brewing Company Inc,Active,218 South White Street,Wake Forest,0.0,27587,PO Box 2066,Wake Forest,NC ,27588,Wake,00200681BM,2012-10-05 00:00:00,Active,2012,10
443,0.0,00200681CM-998,White Street Brewing Company,White Street Brewing Company Inc,Active,400 Park Avenue,Youngsville,0.0,27596,PO Box 2066,Wake Forest,NC ,27588,Franklin,00230763BM,2016-09-09 12:11:00,Active,2016,9
448,0.0,00200787CM-999,Starpoint Brewing,Starpoint Brewing LLC,Active,901 Clarence Drive,Chapel Hill,0.0,27516,0,0,0,0,Orange,00200787BM,2012-10-05 00:00:00,Active,2012,10
450,0.0,00200787CM-998,Starpoint Brewing,Starpoint Brewing LLC,Active,2501 University Drive Space 9,Durham,0.0,27707,901 Clarence Drive,Chapel Hill,NC ,27516,Durham,00248323BM,2017-10-18 08:53:00,Active,2017,10
457,0.0,00201172CM-999,White Rabbit Brewing Company,White Rabbit Brewing Company Inc,Active,207 Fish Drive,Angier,0.0,27501,0,0,0,0,Harnett,00201172BM,2013-07-15 00:00:00,Active,2013,7
462,194.0,00201877CM-999,Heist Brewery,Heist Brewing Company LLC,Active,2901 North Davidson Street Suite 200,Charlotte,0.0,28205,0,0,0,0,Mecklenburg,00201877BM,2013-01-16 00:00:00,Active,2013,1
465,0.0,00201877CM-998,Heist Brewing Company,Heist Brewing Company LLC,Active,1033 Carter Avenue,Charlotte,0.0,28206,2909 North Davidson Street Suite 200,Charlotte,NC ,28205,Mecklenburg,00262178BM,2018-09-24 13:23:00,Active,2018,9
470,197.0,00203362CM-999,Blue Mountain Pizza,Danford Restaurant Group Inc,Active,55 North Main Street,Weaverville,0.0,28787,0,0,0,0,Buncombe,00203362BM,2013-01-09 00:00:00,Active,2013,1
484,0.0,00205411CM-999,Stout Brewing Company,Stout Brewing Company LLC,Active,518 North Sims Street,Kings Mountain,0.0,28086,701 South Battleground Avenue,Grover,NC ,28073,Cleveland,00205411BM,2013-07-15 00:00:00,Active,2013,7
485,203.0,00205509CM-999,Raleigh Brewing Company,Raleigh Brewing Company,Active,3701 Neil Street Suite 3709,Raleigh,0.0,27607,0,0,0,0,Wake,00205509BM,2013-07-12 00:00:00,Active,2013,7
499,207.0,00205945CM-999,Deep River Brewing Company,Deep River Brewing Company LLC,Active,700 West Main Street Suite 102,Clayton,0.0,27520,234 Autumn Ridge Drive,Wendell,NC ,27591,Johnston,00205945BM,2013-05-09 00:00:00,Active,2013,5
504,209.0,00206638CM-998,Boondocks Brewing,Boondocks Brewing LLC,Active,302 South Jefferson Avenue,West Jefferson,0.0,28694,PO Box 1619,West Jefferson,NC ,28694,Ashe,00225612BM,2015-09-29 17:03:00,Active,2015,9
508,211.0,00207344CM-999,Whiskey Mill Bar and Grill,Whiskey Mill Bar and Grill LLC,Active,201 West Pennsylvania Avenue,Bessemer City,0.0,28016,0,0,0,0,Gaston,00207344BM,2013-10-01 00:00:00,Active,2013,10
511,212.0,00207399CM-999,Steel String,Steel String LLC,Active,106 South Greensboro Street Suite A,Carrboro,0.0,27510,0,0,0,0,Orange,00207399BM,2013-07-15 00:00:00,Active,2013,7
518,215.0,00207451CM-998,New Sarum Brewing Company,New Sarum Brewing Company LLC,Active,109 North Lee Street,Salisbury,0.0,28144,0,0,0,0,Rowan,00236681BM,2017-05-31 11:55:00,Active,2017,5
522,0.0,00207537CM-999,Lookout Brewing Company,Lookout Brewing Company,Active,103 South Ridgeway Avenue Suite 1,Black Mountain,0.0,28711,0,0,0,0,Buncombe,00207537BM,2013-07-24 00:00:00,Active,2013,7
529,0.0,00209134CM-999,Burial Beer Company,Burial Beer Company LLC,Active,40 Collier Avenue,Asheville,0.0,28801,0,0,0,0,Buncombe,00209134BM,2013-10-04 00:00:00,Active,2013,10
530,219.0,00209134CM-998,Burial Beer Company,Burial Beer Company LLC,Active,16 Shady Oak Drive,Asheville,0.0,28803,40 Collier Avenue,Asheville,NC ,28805,Buncombe,00246237BM,2017-08-09 10:51:00,Active,2017,8
537,0.0,00209451CM-999,Lynnwood Grill,Lynnwood Grill Inc,Active,4821 Grove Barton Road,Raleigh,0.0,27613,1909 Banbury Road,Raleigh,NC ,27608,Wake,00209451BM,2013-10-01 00:00:00,Active,2013,10
538,222.0,00209523CM-999,Oyster House Brewing Company,Bivalve Beverage Company LLC,Active,625 Haywood Road,Asheville,0.0,28806,0,0,0,0,Buncombe,00209523BM,2013-08-12 00:00:00,Active,2013,8
542,0.0,00209940CM-999,Front Street Brewery,Wilmington Brewers LLC,Active,9 North Front Street,Wilmington,0.0,28401,0,0,0,0,New Hanover,00209940BM,2013-10-01 00:00:00,Active,2013,10
545,0.0,00210046CM-999,Crank Arm Brewing Company,Crank Arm Brewing Company,Active,319 West Davie Street,Raleigh,0.0,27601,324 South Wilmington Street Unit 241,Raleigh,NC ,27601,Wake,00210046BM,2013-10-01 00:00:00,Active,2013,10
553,0.0,00210453CM-998,Dirtbag Ales,D B A LLC,Active,3623 Legion Road,Hope Mills,0.0,28348,3632 Sugar Cane Circle,Fayetteville,NC ,28303,Cumberland,00220936BM,2014-11-26 00:00:00,Active,2014,11
555,228.0,00210453CM-997,Dirtbag Ales Brewery and Taproom,D B A LLC,Active,5435 Corporation Drive,Hope Mills,0.0,28348,0,0,0,0,Cumberland,00278540BM,2019-11-19 13:40:00,Active,2019,11
565,0.0,00211628CM-998,Lenny Boy Brewing Company,Lenny Boy LLC,Active,3000 South Tryon Street,Charlotte,0.0,28217,0,0,0,0,Mecklenburg,00243749BM,2017-08-22 15:11:00,Active,2017,8
568,0.0,00211786CM-999,Granite Falls Brewing Company,Granite Falls Brewing Company,Active,47 Duke Street,Granite Falls,0.0,28630,0,0,0,0,Caldwell,00211786BM,2013-11-26 00:00:00,Active,2013,11
570,234.0,00211927CM-999,Blowing Rock Brewing Company,Boone Brewing Company LLC,Active,152 Sunset Drive,Blowing Rock,0.0,28605,PO Box 2678,Blowing Rock,NC ,28605,Watauga,00211927BM,2014-02-06 00:00:00,Active,2014,2
575,0.0,00211927CM-998,Blowing Rock Brewing Company,Boone Brewing Company LLC,Active,883 Highland Avenue SE Ground Floor,Hickory,0.0,28602,PO Box 2678,Blowing Rock,NC ,28605,Catawba,00216318BM,2015-08-13 14:23:00,Active,2015,8
581,0.0,00212304CM-999,Double Barley Brewing,Double Barley Brewing Inc,Active,3174 Hwy 70 West,Smithfield,0.0,27577,0,0,0,0,Johnston,00212304BM,2014-02-26 00:00:00,Active,2014,2
585,239.0,00212768CM-999,Fonta Flora Brewery,Fonta Flora Brewery LLC,Active,317 North Green Street,Morganton,0.0,28655,PO Box 1541,Morganton,NC ,28680,Burke,00212768BM,2014-02-10 00:00:00,Active,2014,2
588,240.0,00212768CM-998,Fonta Flora Brewery,Fonta Flora Brewery LLC,Active,6751 NC 126,Nebo,0.0,28761,PO Box 825,Morganton,NC ,28680,Burke,00260941BM,2018-11-09 11:52:00,Active,2018,11
594,0.0,00213140CM-999,Innovation Brewing,Innovation Brewing LLC,Active,414 West Main Street,Sylva,0.0,28779,0,0,0,0,Jackson,00213140BM,2014-10-20 00:00:00,Active,2014,10
599,0.0,00213229CM-998,District 9 Brewing Company,District 9 Brewing Company LLC,Active,11138 Treynorth Drive Unit C,Cornelius,0.0,28031,0,0,0,0,Mecklenburg,00220412BM,2014-11-14 00:00:00,Active,2014,11
607,0.0,00213610CM-999,Bens Tune Up,Koji Kin LLC,Active,195 Hilliard Avenue,Asheville,0.0,28801,PO Box 883,Asheville,NC ,28802,Buncombe,00213610BM,2014-08-04 00:00:00,Active,2014,8
609,0.0,00213687CM-999,Unknown Brewing Company,Unknown Brewing Company LLC,Active,1327 South Mint Street,Charlotte,0.0,28203,0,0,0,0,Mecklenburg,00213687BM,2014-10-22 00:00:00,Active,2014,10
611,247.0,00214121CM-999,Bombshell Beer Company,Bombshell Beer Company LLC,Active,120 Quantum Street,Holly Springs,0.0,27540,0,0,0,0,Wake,00214121BM,2014-02-20 00:00:00,Active,2014,2
616,0.0,00214464CM-999,Broomtail Craft Brewery,Broomtail Craft Brewery LLC,Active,6404 Amsterdam Way Suite 100,Wilmington,0.0,28405,8209 Market Street Suite 260A,Wilmington,NC ,28411,New Hanover,00214464BM,2014-08-21 00:00:00,Active,2014,8
618,250.0,00214464CM-998,Broomtail Craft Brewery,Broomtail Craft Brewery LLC,Active,6404 Amsterdam Way Suites 300 and 400,Wilmington,0.0,28405,8209 Market Street Suite 260A,Wilmington,NC ,28411,New Hanover,00278953BM,2020-01-17 11:04:00,Active,2020,1
620,251.0,00214611CM-999,Beech Mountain Resort,Beech Mountain Resort Inc,Active,1007 Beech Mountain Pkwy,Beech Mountain,0.0,28604,PO Box 1118,Banner Elk,NC ,28604,Watauga,00214611BM,2014-08-04 00:00:00,Active,2014,8
624,0.0,00214719CM-999,Fortnight Brewing,Fortnight Brewing Inc,Active,1006 SW Maynard Road,Cary,0.0,27511,0,0,0,0,Wake,00214719BM,2015-07-13 14:46:00,Active,2015,7
637,0.0,00215397CM-999,Twin Leaf Brewery,Twin Leaf Brewery LLC,Active,144 Coxe Avenue,Asheville,0.0,28801,0,0,0,0,Buncombe,00215397BM,2014-10-08 00:00:00,Active,2014,10
640,0.0,00216156CM-999,Small Batch Beer Company,Small Batch Beer Company,Active,239-241 West 5th Street,Winston Salem,0.0,27101,0,0,0,0,Forsyth,00216156BM,2014-08-04 00:00:00,Active,2014,8
642,0.0,00216362CM-999,Brueprint Brewing Company,Brueprint Brewing Company LLC,Active,1229 Perry Road Suite 101,Apex,0.0,27502,711 Unison Court,Cary,NC ,27519,Wake,00216362BM,2014-08-21 00:00:00,Active,2014,8
644,258.0,00216423CM-999,One World Brewing,One World Brewing LLC,Active,10 Patton Avenue Suite 002,Asheville,0.0,28801,1 Silverstone Drive,Asheville,NC ,28805,Buncombe,00216423BM,2014-08-04 00:00:00,Active,2014,8
648,0.0,00216423CM-998,One World Brewing,One World Brewing LLC,Active,520 Haywood Road,Asheville,0.0,28806,0,0,0,0,Buncombe,00266661BM,2018-11-14 13:57:00,Active,2018,11
663,0.0,00218688CM-999,Pig Pounder,Pig Pounder LLC,Active,1107 Grecade Street,Greensboro,0.0,27408,1410 Mill Street Suite 102,Greensboro,NC ,27408,Guilford,00218688BM,2014-10-24 00:00:00,Active,2014,10
666,0.0,00219063CM-999,Satulah Mountain Brewing Company,Satulah Mountain Brewing Company LLC,Active,454 Carolina Way,Highlands,0.0,28741,5121 Cashiers Road,Highlands,NC ,28741,Macon,00219063BM,2015-09-24 10:59:00,Active,2015,9
670,0.0,00219137CM-999,Good Hops Brewing,Good Hops Brewing LLC,Active,811 Harper Avenue,Carolina Beach,0.0,28428,0,0,0,0,New Hanover,00219137BM,2014-10-22 00:00:00,Active,2014,10
671,268.0,00219282CM-999,Southern Pines Brewing Company,Southern Pines Brewing Company LLC,Active,565 Air Tool Drive Suite E,Southern Pines,0.0,28387,0,0,0,0,Moore,00219282BM,2014-10-24 00:00:00,Active,2014,10
676,0.0,00219294CM-999,Wilmington Brewing Company,Wilmington Homebrew Supply Corp,Active,824 South Kerr Avenue,Wilmington,0.0,28403,0,0,0,0,New Hanover,00219294BM,2014-10-21 00:00:00,Active,2014,10
682,0.0,00220410CM-998,Gibbs Hundred Brewing Company,Gibbs Hundred Brewing Company,Active,504 State Street,Greensboro,0.0,27405,0,0,0,0,Guilford,00264703BM,2018-06-25 11:08:00,Active,2018,6
684,0.0,00220712CM-999,Lost Province Brewing Company,Lost Province Brewing Company LLC,Active,130 North Depot Street,Boone,0.0,28607,PO Box 614,Boone,NC ,28607,Watauga,00220712BM,2014-11-21 00:00:00,Active,2014,11
687,0.0,00220867CM-999,Sugar Creek Brewing Company,Sugar Creek Brewing Company LLC,Active,209-215 Southside Drive,Charlotte,0.0,28217,0,0,0,0,Mecklenburg,00220867BM,2014-12-18 00:00:00,Active,2014,12
695,0.0,00220968CM-999,Haw River Farmhouse Ales,Haw River Farmhouse Ales LLC,Active,1713 Saxapahaw Bethlehem Church Road B-001-002,Saxapahaw,0.0,27340,PO Box 390,Saxapahaw,NC ,27340,Alamance,00220968BM,2014-11-21 00:00:00,Active,2014,11
703,0.0,00221272CM-999,Flytrap Brewing,Flytrap Brewing LLC,Active,319 Walnut Street,Wilmington,0.0,28401,0,0,0,0,New Hanover,00221272BM,2015-01-28 00:00:00,Active,2015,1
710,0.0,00222713CM-999,Boojum Brewing Company,11th Hour Brewing LLC,Active,357 Dayton Drive,Waynesville,0.0,28786,0,0,0,0,Haywood,00222713BM,2015-07-06 16:25:00,Active,2015,7
715,283.0,00223529CM-999,Sycamore Brewing,Sycamore Brewing LLC,Active,2161 Hawkins Street,Charlotte,0.0,28203,401 West 24th Street,Charlotte,NC ,28206,Mecklenburg,00223529BM,2015-09-24 11:31:00,Active,2015,9
719,0.0,00223529CM-998,Sycamore Brewing,Sycamore Brewing LLC,Active,401 West 24th Street,Charlotte,0.0,28206,0,0,0,0,Mecklenburg,00257477BM,2018-06-25 16:10:00,Active,2018,6
736,0.0,00224432CM-998,Koi Pond Brewing Company,Koi Pond Brewing Company LLC,Active,1107 Falls Road,Rocky Mount,0.0,27804,PO Box 4307,Rocky Mount,NC ,27803,Nash,00235579BM,2017-05-30 12:44:00,Active,2017,5
746,0.0,00224734CM-999,Primal Brewery,Primal Brewery LLC,Active,16432 Old Statesville Road,Huntersville,0.0,28078,9624 Bailey Road Suite 270,Cornelius,NC ,28031,Mecklenburg,00224734BM,2015-09-24 10:54:00,Active,2015,9
760,299.0,00225672CM-999,Brewery 99,Brewery 99 LLC,Active,417 F Broad Street,New Bern,0.0,28560,0,0,0,0,Craven,00225672BM,2015-12-01 16:56:00,Active,2015,12
765,0.0,00225841CM-999,Lazy Hiker Brewing Company,Lazy Hiker LLC,Active,188 West Main Street,Franklin,0.0,28734,0,0,0,0,Macon,00225841BM,2015-05-06 00:00:00,Active,2015,5
771,0.0,00226268CM-999,Ironclad Brewery,Ironclad Brewery Corp,Active,115 North 2nd Street,Wilmington,0.0,28401,0,0,0,0,New Hanover,00226268BM,2015-07-23 08:32:00,Active,2015,7
778,0.0,00226732CM-999,Mill Whistle Brewing,Mill Whistle Brewing Inc,Active,1354 Lennoxville Road,Beaufort,0.0,28516,4915-J Arendell Street Suite 313,Morehead City,NC ,28557,Carteret,00226732BM,2015-07-22 16:57:00,Active,2015,7
784,0.0,00227589CM-999,Preyer Brewing Company,Preyer Brewing Company LLC,Active,600 Battleground Avenue,Greensboro,0.0,27401,600 A - B Battleground Avenue,Greensboro,NC ,27401,Guilford,00227589BM,2015-09-01 12:57:00,Active,2015,9
790,0.0,00228247CM-999,Four Saints Brewing Company,Four Saints Brewing Company LLC,Active,218 South Fayetteville Street,Asheboro,0.0,27203,0,0,0,0,Randolph,00228247BM,2015-09-21 15:38:00,Active,2015,9
794,311.0,00228677CM-999,Carolina Brewery and Grill,C B G P Sub LLC,Active,120 Lowes Drive Suite 100 - 102,Pittsboro,0.0,27312,0,0,0,0,Chatham,00228677BM,2015-12-02 10:41:00,Active,2015,12
800,0.0,00228677CM-998,Carolina Brewery,C B G P Sub LLC,Active,462 West Franklin Street,Chapel Hill,0.0,27516,PO Box 8,Chapel Hill,NC ,27514,Orange,00235313BM,2016-03-30 17:04:00,Active,2016,3
812,318.0,00229038CM-999,Mash House Brewing Company,Tribeca Hospitality LLC,Active,4150 Sycamore Dairy Road,Fayetteville,0.0,28303,6124 St Giles Street,Raleigh,NC ,27612,Cumberland,00229038BM,2017-03-02 11:41:00,Active,2017,3
818,320.0,00229847CM-999,Ole Dallas Brewery,Ole Dallas Brewery LLC,Active,136 Durkee Lane,Dallas,0.0,28034,0,0,0,0,Gaston,00229847BM,2016-11-15 13:08:00,Active,2016,11
826,0.0,00230556CM-999,Free Range Brewing,Free Range Brewing LLC,Active,2320 North Davidson Street Suite D,Charlotte,0.0,28205,0,0,0,0,Mecklenburg,00230556BM,2016-11-15 15:23:00,Active,2016,11
831,0.0,00230611CM-998,Booneshine Brewing Company,Booneshine Brewing Company Inc,Active,465 Industrial Park Drive,Boone,0.0,28607,0,0,0,0,Watauga,00266820BM,2018-11-09 13:53:00,Active,2018,11
834,0.0,00230785CM-999,Wooden Robot Brewery,Wooden Robot Brewery LLC,Active,1440 South Tryon Street Suite 110,Charlotte,0.0,28203,0,0,0,0,Mecklenburg,00230785BM,2016-09-09 12:14:00,Active,2016,9
837,0.0,00230785CM-998,Wooden Robot Brewery,Wooden Robot Brewery LLC,Active,416 East 36th Street Suite 100,Charlotte,0.0,28205,1440 South Tryon Street Suite 110,Charlotte,NC ,28203,Mecklenburg,00279793BM,2019-11-19 15:27:00,Active,2019,11
846,0.0,00231620CM-999,Neuse River Brewing Company,Neuse River Brewing Company,Active,518 Pershing Road Suite 100,Raleigh,0.0,27608,0,0,0,0,Wake,00231620BM,2016-11-23 09:17:00,Active,2016,11
848,330.0,00231750CM-999,Hi Wire Brewing,Three Ring Brewing Company LLC,Active,197 Hilliard Avenue,Asheville,0.0,28801,0,0,0,0,Buncombe,00231750BM,2016-11-23 10:42:00,Active,2016,11
851,331.0,00231750CM-998,Hi Wire Brewing,Three Ring Brewing Company LLC,Active,2A Huntsman Place,Asheville,0.0,28803,0,0,0,0,Buncombe,00231753BM,2016-11-23 10:45:00,Active,2016,11
856,0.0,00231898CM-999,Oskar Blues Brewery,CANarchy Craft Brewery Collective LLC,Active,342 Mountain Industrial Drive,Brevard,0.0,28712,1800 Pike Road ,Longmont,CO ,80501,Transylvania,00231898BM,2016-01-29 12:44:00,Active,2016,1
861,335.0,00231976CM-999,Ponysaurus Brewing Company,Ponysaurus Brewing LLC,Active,219 Hood Street,Durham,0.0,27701,0,0,0,0,Durham,00231976BM,2016-10-20 16:25:00,Active,2016,10
866,0.0,00231996CM-999,Newgrass Brewing Company,Newgrass Brewing Company LLC,Active,213 South Lafayette Street,Shelby,0.0,28150,0,0,0,0,Cleveland,00231996BM,2016-09-09 12:04:00,Active,2016,9
871,339.0,00232630CM-999,Compass Rose Brewery,Compass Rose Brewery LLC,Active,3201 Northside Drive Suite 101,Raleigh,0.0,27615,0,0,0,0,Wake,00232630BM,2016-02-04 15:59:00,Active,2016,2
876,0.0,00232871CM-999,Regulator Brewing Company,Regulator Brewing Company LLC,Active,416 St Marys Road,Hillsborough,0.0,27278,PO Box 721,Hillsborough,NC ,27278,Orange,00232871BM,2016-11-23 10:26:00,Active,2016,11
882,0.0,00233950CM-999,Seven Jars Products,Seven Jars Products LLC,Active,6148-B Brookshire Blvd,Charlotte,0.0,28216,0,0,0,0,Mecklenburg,00233950BM,2016-02-01 12:51:00,Active,2016,2
884,343.0,00234470CM-999,Salud Cerveceria,Salud LLC,Active,3306 North Davidson Street,Charlotte,0.0,28205,0,0,0,0,Mecklenburg,00234470BM,2017-03-07 11:28:00,Active,2017,3
888,0.0,00234639CM-999,Lynnwood Brewing,Lynnwood Brewing Inc,Active,1053 East Whitaker Mill Road,Raleigh,0.0,27604,1909 Banbury Road,Raleigh,NC ,27608,Wake,00234639BM,2016-08-10 12:07:00,Active,2016,8
891,0.0,00234848CM-999,High Branch Brewing Company,High Branch Brewing Company LLC,Active,325 McGill Avenue NW Suite 148,Concord,0.0,28027,3430 Streamside Drive,Davidson,NC ,28036,Cabarrus,00234848BM,2016-11-28 10:44:00,Active,2016,11
897,0.0,00235173CM-999,Waterline Brewing Company,Waterline Brewing Company LLC,Active,721 Surry Street,Wilmington,0.0,28401,0,0,0,0,New Hanover,00235173BM,2016-09-09 12:06:00,Active,2016,9
899,0.0,00235208CM-999,Zebulon Artisan Ales,Zebulon Brewing LLC,Active,8 Merchants Alley,Weaverville,0.0,28787,17 Covington Street,Asheville,NC ,28806,Buncombe,00235208BM,2016-09-09 12:17:00,Active,2016,9
912,352.0,00235820CM-999,Sweeten Creek Brewing,Justice Brewing LLC,Active,1127 Sweeten Creek Road,Asheville,0.0,28803,337 White Pine Drive,Fletcher,NC ,28732,Buncombe,00235820BM,2017-05-31 14:33:00,Active,2017,5
916,0.0,00235906CM-999,Legion Brewing,Legion Brewing Company LLC,Active,1906 Commonwealth Avenue,Charlotte,0.0,28205,0,0,0,0,Mecklenburg,00235906BM,2016-11-15 14:55:00,Active,2016,11
918,354.0,00235944CM-999,Sanctuary Brewing Company ,Sanctuary Brewing Company LLC,Active,147 First Avenue East,Hendersonville,0.0,28792,0,0,0,0,Henderson,00235944BM,2016-11-23 10:34:00,Active,2016,11
923,0.0,00235978CM-999,Hoppy Trout Brewing Company,Hoppy Trout Brewing Company LLC,Active,911 Main Street,Andrews,0.0,28901,PO Box 751,Andrews,NC ,28901,Cherokee,00235978BM,2017-05-31 12:50:00,Active,2017,5
924,356.0,00235992CM-999,Mikes Pizza and Pasta,Henderson Leisure Properties Inc,Active,803 Spartanburg Hwy,Hendersonville,0.0,28792,0,0,0,0,Henderson,00235992BM,2017-06-12 12:50:00,Active,2017,6
927,357.0,00236136CM-999,Trophy Brewing,Trophy on Maywood LLC,Active,656 Maywood Avenue,Raleigh,0.0,27603,0,0,0,0,Wake,00236136BM,2016-11-28 11:13:00,Active,2016,11
931,359.0,00236224CM-999,Mills River Brewery,Mills River Brewery LLC,Active,330 Rockwood Road Unit 103,Arden,0.0,28704,0,0,0,0,Buncombe,00236224BM,2017-03-21 15:34:00,Active,2017,3
938,0.0,00236525CM-999,Whistle Hop Brewing Company,Miceli Brewing LLC,Active,1288-A Charlotte Hwy,Fairview,0.0,28730,PO Box 2642,Fairview,NC ,28730,Buncombe,00236525BM,2016-09-09 12:09:00,Active,2016,9
940,362.0,00236644CM-999,Brown Truck Brewery,B T Brewery LLC,Active,1234 North Main Street,High Point,0.0,27262,0,0,0,0,Guilford,00236644BM,2016-10-04 14:39:00,Active,2016,10
944,0.0,00236655CM-998,Appalachian Mountain Brewery,Craft Brew Alliance Inc,Active,163 Boone Creek Drive,Boone,0.0,28607,929 North Russell Street,Portland,OR ,97227,Watauga,00272488BM,2019-02-25 15:49:00,Active,2019,2
948,0.0,00236655CM-997,Appalachian Mountain Brewery,Craft Brew Alliance Inc,Active,289 Daniel Boone Drive Suite A-B,Boone,0.0,28607,929 North Russell Street,Portland,OR ,97227,Watauga,00272490BM,2019-02-25 16:03:00,Active,2019,2
955,366.0,00236680CM-999,Tarboro Brewing Company,Tarboro Brewing Company,Active,526 North Main Street,Tarboro,0.0,27886,0,0,0,0,Edgecombe,00236680BM,2017-05-31 12:18:00,Active,2017,5
958,367.0,00236680CM-998,T B C West,Tarboro Brewing Company,Active,1121 Falls Road,Rocky Mount,0.0,27886,526 North Main Street,Tarboro,NC ,27886,Nash,00254654BM,2018-01-26 10:37:00,Active,2018,1
968,371.0,00237028CM-999,Bhramari Brewhouse,Hivemind Brewing LLC,Active,101 South Lexington Avenue,Asheville,0.0,28801,0,0,0,0,Buncombe,00237028BM,2016-07-26 16:21:00,Active,2016,7
971,372.0,00237093CM-999,Tight Lines Pub and Brewing Company,Tap House at Carteret Brewing LLC,Active,709 Arendell Street,Morehead City,0.0,28557,0,0,0,0,Carteret,00237093BM,2017-06-19 11:59:00,Active,2017,6
976,374.0,00237308CM-999,Bond Brothers Beer Company ,Bond Brothers Beer Company LLC,Active,202 East Cedar Street,Cary,0.0,27511,0,0,0,0,Wake,00237308BM,2016-08-18 15:11:00,Active,2016,8
980,0.0,00237329CM-999,Clouds Brewing,Storm Clouds Brewing LLC,Active,1233 Front Street Suite E,Raleigh,0.0,27609,0,0,0,0,Wake,00237329BM,2016-12-21 14:58:00,Active,2016,12
987,0.0,00237532CM-999,Blue Ghost Brewing Company,G L J E LLC,Active,125 Underwood Road,Fletcher,0.0,28732,0,0,0,0,Henderson,00237532BM,2016-11-16 08:51:00,Active,2016,11
990,0.0,00237852CM-999,Southern Peak Brewery,Southern Peak Brewery LLC,Active,950 Windy Road Suite 100,Apex,0.0,27502,0,0,0,0,Wake,00237852BM,2016-09-12 10:52:00,Active,2016,9
991,379.0,00237928CM-999,Cabarrus Brewing Company,Cabarrus Brewing Company LLC,Active,329 McGill Avenue NW,Concord,0.0,28027,0,0,0,0,Cabarrus,00237928BM,2017-06-21 15:07:00,Active,2017,6
997,381.0,00239292CM-999,Tek Mountain Brewery,Tek Mountain Brewery LLC,Active,1844 Sir Tyler Drive,Wilmington,0.0,28405,0,0,0,0,New Hanover,00239292BM,2016-10-21 11:19:00,Active,2016,10
1009,384.0,00240282CM-999,Bills Front Porch Pub and Brewery,Musser Company Inc,Active,4238 Market Street,Wilmington,0.0,28403,4240 Market Street,Wilmington,NC ,28403,New Hanover,00240282BM,2017-06-02 16:04:00,Active,2017,6
1012,385.0,00240423CM-999,Dreamchasers Brewery,Dreamweavers Brewery LLC,Active,115 East North Main Street,Waxhaw,0.0,28173,0,0,0,0,Union,00240423BM,2017-06-29 14:26:00,Active,2017,6
1016,0.0,00240576CM-999,Durty Bull Brewing Company,M R R Holdings LLC,Active,206 Broadway Street Suite 104,Durham,0.0,27701,0,Durham,NC ,27701,Durham,00240576BM,2016-12-15 15:48:00,Active,2016,12
1026,0.0,00241397CM-998,Ecusta Brewing Company,Ecusta Brewing Company LLC,Active,49 Pisgah Hwy Suite 3,Pisgah Forest,0.0,28768,0,0,0,0,Transylvania,00243633BM,2017-09-13 15:16:00,Active,2017,9
1032,392.0,00241587CM-999,Blue Blaze Brewing,Blue Blaze Brewing Inc,Active,528 South Turner Avenue,Charlotte,0.0,28208,PO Box 480244,Charlotte,NC ,28269,Mecklenburg,00241587BM,2017-02-07 15:30:00,Active,2017,2
1037,0.0,00241937CM-999,Joymongers Brewing Company,Joymongers LLC,Active,576 North Eugene Street,Greensboro,0.0,27401,160 Settings Blvd,Black Mountain,NC ,28711,Guilford,00241937BM,2017-10-10 11:10:00,Active,2017,10
1040,0.0,00242047CM-999,Currahee Brewing Company,Currahee Brewing Company LLC,Active,100 Lakeside Drive,Franklin,0.0,28734,0,0,0,0,Macon,00242047BM,2016-12-13 15:03:00,Active,2016,12
1044,396.0,00242692CM-999,Hickory Nut Gorge Craft Brewery,Hickory Nut Gorge Craft Brewery LLC,Active,461 Main Street,Chimney Rock,0.0,28746,615 Bottomless Pools Road,Lake Lure,NC ,28746,Rutherford,00242692BM,2017-07-20 11:21:00,Active,2017,7
1048,398.0,00242775CM-999,Thirsty Nomad Brewing,Thirsty Nomad Brewing LLC,Active,4402 Stuart Andrew Blvd Suite A,Charlotte,0.0,28217,0,0,0,0,Mecklenburg,00242775BM,2017-07-13 15:22:00,Active,2017,7
1052,0.0,00242857CM-998,Red Hare Brewing Company  ,Red Hare Brewing Company LLC,Active,4802 Main Street,Shallotte,0.0,28420,1998 Delk Industrial Blvd,Marietta,GA ,30067,Brunswick,00263719BM,2018-10-22 11:11:00,Active,2018,10
1058,0.0,00243061CM-999,Dingo Dog Brewing Company,Dingo Dog Brewing Company Limited,Active,9907 Leta Drive,Chapel Hill,0.0,27516,0,0,0,0,Orange,00243061BM,2017-09-13 15:02:00,Active,2017,9
1068,0.0,00243815CM-999,Angry Troll Brewing,Local Minded Brewing LLC,Active,222 East Main Street Suite U6,Elkin,0.0,28621,222 East Main Street Suite U6,Elkin,NC ,28621,Surry,00243815BM,2017-07-18 09:34:00,Active,2017,7
1074,0.0,00244757CM-999,Southern Range Brewing,Southern Range Brewing LLC,Active,151 South Stewart Street,Monroe,0.0,28112,0,0,0,0,Union,00244757BM,2017-09-21 16:13:00,Active,2017,9
1078,0.0,00244757CM-998,Southern Range Brewing,Southern Range Brewing LLC,Active,415 North Sutherland Avenue,Monroe,0.0,28110,151 South Stewart Street,Monroe,NC ,28112,Union,00279265BM,2019-11-19 11:48:00,Active,2019,11
1081,0.0,00244978CM-999,Twenty Six Acres Brewing Company,Twenty Six Acres Brewing Company LLC,Active,7285 West Winds Blvd,Concord,0.0,28027,0,0,0,0,Cabarrus,00244978BM,2017-09-27 12:05:00,Active,2017,9
1082,410.0,00245037CM-999,Red Hill Brewing Company,Red Hill Brewing Company,Active,21 Union Street Second Floor,Concord,0.0,28025,0,0,0,0,Cabarrus,00245037BM,2017-09-27 15:32:00,Active,2017,9
1089,0.0,00245403CM-999,Little City Brewing and Provisions Company  ,Oak City Market LLC,Active,400 West North Street Suite 120,Raleigh,0.0,27603,0,0,0,0,Wake,00245403BM,2017-09-15 12:30:00,Active,2017,9
1092,414.0,00245926CM-999,217 Brew Works,217 Brew Works LLC,Active,214 South Street ,Wilson,0.0,27893,1015 Cardinal Drive NW,Wilson,NC ,27896,Wilson,00245926BM,2017-10-13 15:52:00,Active,2017,10
1099,0.0,00246169CM-999,New Anthem Beer Project,New Anthem LLC,Active,116 Dock Street,Wilmington,0.0,28401,0,0,0,0,New Hanover,00246169BM,2017-05-05 16:08:00,Active,2017,5
1109,0.0,00246272CM-999,Westbend Winery and Brewery,Westbend Winery and Brewery LLC,Active,5394 Williams Road,Lewisville,0.0,27023,0,0,0,0,Forsyth,00246272BM,2017-10-05 10:55:00,Active,2017,10
1113,420.0,00246597CM-999,Upcountry Brewing Company ,Upcountry Brewing Company LLC,Active,1042 Haywood Road,Asheville,0.0,28806,0,0,0,0,Buncombe,00246597BM,2017-09-21 15:31:00,Active,2017,9
1123,423.0,00247389CM-999,Northern Outer Banks Brewing Company,Paragon Wholesale Beverage Company Inc,Active,520 Old Stoney Road Unit J,Corolla,0.0,27927,0,0,0,0,Currituck,00247389BM,2018-03-27 11:23:00,Active,2018,3
1128,0.0,00247640CM-999,Uptown Brewing Company,Uptown Brewing Company LLC,Active,418 Evans Street,Greenville,0.0,27858,0,0,0,0,Pitt,00247640BM,2018-02-07 15:01:00,Active,2018,2
1133,0.0,00247908CM-999,Brices Brewing Company,Brices Brewing Company,Active,1822 Garner Station Blvd,Raleigh,0.0,27603,0,0,0,0,Wake,00247908BM,2017-08-09 10:04:00,Active,2017,8
1135,0.0,00247983CM-999,Wise Man Brewing,Wise Man Brewing LLC,Active,826 Angelo Brothers Avenue,Winston Salem,0.0,27101,8530 Rosedale Drive,Oak Ridge,NC ,27310,Forsyth,00247983BM,2017-10-13 16:02:00,Active,2017,10
1139,0.0,00247985CM-999,Brewery Bhavana,Plenty LLC,Active,1401 South Bloodworth Street Suite 101,Raleigh,0.0,27610,0,0,0,0,Wake,00247985BM,2017-08-28 14:43:00,Active,2017,8
1145,0.0,00248141CM-999,Mountain Layers Brewing Company,Swain Brewing Company LLC,Active,90 Everett Street,Bryson City,0.0,28713,PO Box 126,Almond,NC ,28702,Swain,00248141BM,2017-09-05 15:26:00,Active,2017,9
1149,432.0,00248179CM-999,Gingers Revenge,Gingers Revenge LLC,Active,829 Riverside Drive Suite 100/101,Asheville,0.0,28801,55 Pleasant Ridge Drive,Asheville,NC ,28805,Buncombe,00248179BM,2018-01-12 10:24:00,Active,2018,1
1154,0.0,00248358CM-999,Wrightsville Beach Brewery,Wrightsville Beach Brewery LLC,Active,12 Greenville Avenue,Wilmington,0.0,28403,0,0,0,0,New Hanover,00248358BM,2017-08-21 14:57:00,Active,2017,8
1157,0.0,00248407CM-999,Carolina Beverage Group,Carolina Beverage Group LLC,Active,110 Barley Park Lane,Mooresville,0.0,28115,PO Box 1183,Mooresville,NC ,28115,Iredell,00248407BM,2017-08-30 11:33:00,Active,2017,8
1160,0.0,00248921CM-999,Jordan Lake Brewing Company,Jordan Lake Brewing Company LLC,Active,320 East Durham Road Suite A,Cary,0.0,27513,0,0,0,0,Wake,00248921BM,2017-09-05 14:54:00,Active,2017,9
1161,436.0,00249335CM-999,Hillman Beer,Hillman Beer LLC,Active,25 Sweeten Creek Road,Asheville,0.0,28803,9 Olde Cottage Lane,Asheville,NC ,28803,Buncombe,00249335BM,2017-09-06 11:58:00,Active,2017,9
1165,0.0,00249385CM-999,Turgua Brewing Company,Turgua Brewing Company LLC,Active,27 Firefly Hollow Drive,Fairview,0.0,28730,PO Box 1648,Fairview,NC ,28730,Buncombe,00249385BM,2017-06-13 10:57:00,Active,2017,6
1170,438.0,00249404CM-999,Bold Missy Brewery,Bold Missy Brewery Inc,Active,610 Anderson Street,Charlotte,0.0,28205,0,0,0,0,Mecklenburg,00249404BM,2017-08-28 12:02:00,Active,2017,8
1176,0.0,00249794CM-999,Cavendish Brewing Company,Cavendish Brewing Company LLC,Active,207 North Chester Street,Gastonia,0.0,28052,0,0,0,0,Gaston,00249794BM,2018-01-02 15:56:00,Active,2018,1
1182,0.0,00250395CM-999,Sweet Union Brewing,Sweet Union Brewing LLC,Active,13719 East Independence Blvd,Indian Trail,0.0,28079,4320 East Hwy 218,Monroe,NC ,28110-7053,Union,00250395BM,2017-10-10 11:46:00,Active,2017,10
1185,0.0,00250509CM-999,Homeplace Beer Company,Homeplace Brewing Company LLC,Active,6 South Main Street Area C,Burnsville,0.0,28714,PO Box 1063,Burnsville,NC ,28714,Yancey,00250509BM,2018-01-03 16:23:00,Active,2018,1
1195,0.0,00251670CM-999,1718 Ocracoke Brewing,Ocracoke Brewing Inc,Active,1129 Irvin Garrish Hwy,Ocracoke,0.0,27960,PO Box 27,Ocracoke,NC ,27960,Hyde,00251670BM,2018-02-05 14:12:00,Active,2018,2
1197,0.0,00251745CM-999,Mug Shotz Cafe and Quick Trigger Brewing Company,Mug Shotz Cafe Ltd,Active,118 West Main Street,Ahoskie,0.0,27910,PO Box 912,Ahoskie,NC ,27910,Hertford,00251745BM,2018-03-22 14:38:00,Active,2018,3
1198,449.0,00251982CM-999,Eleven Lakes Brewing Company,Eleven Lakes Brewing Company LLC,Active,10228 Bailey Road Unit 201,Cornelius,0.0,28031,0,0,0,0,Mecklenburg,00251982BM,2018-01-16 16:37:00,Active,2018,1
1202,0.0,00252079CM-999,Madison County Brewing Company,Madison County Brewing Company LLC  ,Active,45 North Main Street,Marshall,0.0,28753,1192 Fisher Lane,Marshall,NC ,28753,Madison,00252079BM,2019-01-14 10:13:00,Active,2019,1
1204,451.0,00252160CM-999,Banner Elk Brewing Company,Banner Elk Brewing Company LLC,Active,567 Main Street East,Banner Elk,0.0,28604,0,0,0,0,Avery,00252160BM,2018-01-19 15:47:00,Active,2018,1
1209,453.0,00252481CM-999,Hayesville Brewing Company,Nature Coast Crafts Inc,Active,1568 Hwy 64 West,Hayesville,0.0,28904,0,0,0,0,Clay,00252481BM,2018-03-21 14:24:00,Active,2018,3
1213,0.0,00252481CM-998,Hayesville Brewing Company,Nature Coast Crafts Inc,Active,516 Tusquittee Street,Hayesville,0.0,28904,0,0,0,0,Clay,00270688BM,2019-01-17 09:32:00,Active,2019,1
1214,455.0,00252592CM-999,Archetype Brewing,Archetype Brewing LLC  ,Active,265 Haywood Road,Asheville,0.0,28806,PO Box 6657,Asheville,NC ,28816,Buncombe,00252592BM,2018-02-13 15:04:00,Active,2018,2
1224,0.0,00253120CM-999,Wicked Weed Brewing,Wicked Weed Brewing LLC,Active,91 Biltmore Avenue,Asheville,0.0,28801,One Busch Place,St Louis,MO ,63118,Buncombe,00253120BM,2018-07-30 16:12:00,Active,2018,7
1225,459.0,00253120CM-998,Wicked Weed Funkatorium Cultura,Wicked Weed Brewing LLC,Active,147 Coxe Avenue,Asheville,0.0,28801,One Busch Place,St Louis,MO ,63118,Buncombe,00253130BM,2018-09-11 11:35:00,Active,2018,9
1228,460.0,00253120CM-997,Wicked Weed Brewing,Wicked Weed Brewing LLC,Active,95 Old Shoals Road,Arden,0.0,28704,One Busch Place,St Louis,MO ,63118,Buncombe,00253134BM,2018-09-11 11:37:00,Active,2018,9
1236,0.0,00253120CM-996,Wicked Weed Brewing,Wicked Weed Brewing LLC,Active,145 Jacob Holm Way,Candler,0.0,28715,One Busch Place,St Louis,MO ,63118,Buncombe,00253135BM,2018-09-11 11:40:00,Active,2018,9
1239,0.0,00253229CM-999,Yellow Sun Brewing Company,Yellow Sun Brewing Company LLC,Active,127 Trade Street,Rutherfordton,0.0,28139,311 Coopers Gap Road,Rutherfordton,NC ,28139,Rutherford,00253229BM,2018-09-11 11:57:00,Active,2018,9
1240,463.0,00253350CM-999,Bright Light Brewing Company,Bright Light Brewing Company Inc,Active,444 West Russell Street Suite 102,Fayetteville,0.0,28301,0,0,0,0,Cumberland,00253350BM,2017-11-06 12:45:00,Active,2017,11
1244,465.0,00253408CM-999,BearWaters Brewing Company  ,BearWaters Brewing Company  ,Active,101 Park Street,Canton,0.0,28716,0,0,0,0,Haywood,00253408BM,2018-09-18 15:32:00,Active,2018,9
1249,0.0,00253445CM-999,New Village Taproom,New Village Brewery LLC ,Active,702 Broad Street,Oriental,0.0,28571,PO Box 637,Oriental,NC ,28571,Pamlico,00253445BM,2018-02-07 15:25:00,Active,2018,2
1260,0.0,00253753CM-999,Suffolk Punch Brewing,Suffolk Punch Holdings LLC,Active,2911 Griffith Street,Charlotte,0.0,28203,106 Foster Avenue,Charlotte,NC ,28203,Mecklenburg,00253753BM,2018-01-22 10:39:00,Active,2018,1
1263,0.0,00253945CM-999,Watermans Brewing,Watermans Inc,Active,1610 Pavilion Place,Wilmington,0.0,28403,8209 Market Street Unit 276,Wilmington,NC ,28411,New Hanover,00253945BM,2019-01-14 11:46:00,Active,2019,1
1267,0.0,00254156CM-999,Mason Jar Tavern,Mason Jar Tavern Inc,Active,341 East Broad Street Suite 151,Fuquay Varina,0.0,27526,0,0,0,0,Wake,00254156BM,2017-12-07 10:56:00,Active,2017,12
1270,0.0,00254342CM-999,Resident Culture Brewing Company,Resident Culture Brewing Company LLC,Active,2101 Central Avenue,Charlotte,0.0,28205,0,0,0,0,Mecklenburg,00254342BM,2018-05-29 15:18:00,Active,2018,5
1273,0.0,00254574CM-999,Thirsty Souls Community Brewing  ,Thirsty Fish Community Brewing LLC  ,Active,238 Market Street ,Mount Airy,0.0,27030,771 Reeves Mill Road,Mount Airy,NC ,27030,Surry,00254574BM,2018-01-12 10:18:00,Active,2018,1
1275,0.0,00254740CM-999,Fiddlin Fish Brewing Company,Fiddlin Fish Brewing Company LLC,Active,772 Trade Street NW,Winston Salem,0.0,27101,411 Lynn Avenue,Winston Salem,NC ,27104,Forsyth,00254740BM,2017-10-25 09:58:00,Active,2017,10
1277,476.0,00254803CM-999,Jolly Roger Brew,Msnap Services LLC,Active,236 Raceway Drive Unit 12,Mooresville,0.0,28117,0,0,0,0,Iredell,00254803BM,2018-03-22 13:53:00,Active,2018,3
1281,0.0,00254805CM-999,Pitt Street Brewing Company,Pitt Street LLC,Active,630 South Pitt Street,Greenville,0.0,27834,PO Box 1178,Franklin,NC ,28744,Pitt,00254805BM,2018-01-24 10:31:00,Active,2018,1
1283,478.0,00254961CM-999,Shortway Brewing Company,Shortway Brewing Company LLC,Active,228 Chatham Street Units 228 and 230,Newport,0.0,28532,201 Speight Street,Havelock,NC ,28532,Carteret,00254961BM,2018-08-08 13:36:00,Active,2018,8
1289,480.0,00255131CM-999,Valley River Brewery  ,Valley River Brewery LLC,Active,71 Tennessee Street,Murphy,0.0,28906,0,0,0,0,Cherokee,00255131BM,2018-08-10 11:29:00,Active,2018,8
1292,481.0,00255208CM-999,Vicious Fishes Brewery,Maroni Beverage Company LLC,Active,219 Fish Drive,Angier,0.0,27501,0,0,0,0,Harnett,00255208BM,2018-01-02 11:09:00,Active,2018,1
1296,0.0,00255317CM-999,Commoners Brewing Company,Commoners Brewing Company ,Active,1048 Copperfield Blvd NE Suite 101,Concord,0.0,28025,5877 Brookstone Drive NW,Concord,NC ,28027,Cabarrus,00255317BM,2018-03-07 16:29:00,Active,2018,3
1299,0.0,00255857CM-999,Carolinian,501 Hugo LLC,Active,501-A Hugo Street,Durham,0.0,27704,0,0,0,0,Durham,00255857BM,2018-01-16 14:22:00,Active,2018,1
1301,0.0,00256050CM-999,Tobacco Road Sports Cafe,IEAT LLC,Active,505 West Jones Street,Raleigh,0.0,27603,0,0,0,0,Wake,00256050BM,2018-06-27 11:45:00,Active,2018,6
1303,485.0,00256205CM-999,Fat Dogs Grille and Pub,Fat Dogs Grille LLC  ,Active,3021 Spring Garden Street,Greensboro,0.0,27403,0,0,0,0,Guilford,00256205BM,2017-12-21 12:05:00,Active,2017,12
1305,486.0,00256481CM-999,Zillicoah Beer Company,Zillicoah Group Inc,Active,870 Riverside Drive,Woodfin,0.0,28804,0,0,0,0,Buncombe,00256481BM,2018-06-19 15:33:00,Active,2018,6
1309,0.0,00256653CM-999,Balsam Falls Brewing Company  ,Balsam Falls Brewing Company LLC  ,Active,506 West Main Street,Sylva,0.0,28779,0,0,0,0,Jackson,00256653BM,2018-09-24 13:29:00,Active,2018,9
1311,488.0,00256771CM-999,Hopfly Brewing Company,Hopfly Brewing Company LLC,Active,1147 Falls Road Suite 121,Rocky Mount,0.0,27804,0,0,0,0,Nash,00256771BM,2018-01-22 10:32:00,Active,2018,1
1314,489.0,00256821CM-999,White Labs Kitchen and Tap,White Labs Inc,Active,172 South Charlotte Street,Asheville,0.0,28801,0,0,0,0,Buncombe,00256821BM,2018-09-21 10:30:00,Active,2018,9
1317,490.0,00256896CM-999,Eluvium Brewing Company,Eluvium Brewing Company LLC,Active,11 Florida Avenue,Weaverville,0.0,28787,131 Jupiter Road,Weaverville,NC ,28787,Buncombe,00256896BM,2018-03-07 16:33:00,Active,2018,3
1320,491.0,00257611CM-999,Ghost Harbor Brewing Company,Ghost Harbor Brewing Company,Active,606-B East Colonial Avenue,Elizabeth City,0.0,27909,122 Birdie Lane,Elizabeth City,NC ,27909,Pasquotank,00257611BM,2018-10-15 10:36:00,Active,2018,10
1323,492.0,00257880CM-999,Glover Beverages,Glover Beverage LLC,Active,1323 Capital Blvd,Raleigh,0.0,27603,0,0,0,0,Wake,00257880BM,2018-07-12 16:03:00,Active,2018,7
1328,0.0,00258045CM-999,Hootenanny Brewing Company,Hootenanny Brewing Company LLC,Active,187 Shinnville Road,Mooresville,0.0,28115,0,0,0,0,Iredell,00258045BM,2018-07-12 16:00:00,Active,2018,7
1330,0.0,00258070CM-999,Makai Brewing Company,Makai Brewing Company LLC,Active,5850 Ocean Hwy West Unit B,Ocean Isle Beach,0.0,28469,6 Stratford Place,Shallotte,NC ,28470,Brunswick,00258070BM,2018-07-12 15:54:00,Active,2018,7
1335,0.0,00258205CM-999,Black Creek Brewery,Lagaly Enterprises LLC,Active,111-113 Depot Street,Roxboro,0.0,27573,213 Linton Banks Place,Cary,NC ,27513,Person,00258205BM,2018-07-31 08:43:00,Active,2018,7
1338,0.0,00258231CM-999,Little Brother Brewing,Greensboro Brew Lab LLC,Active,348 South Elm Street,Greensboro,0.0,27401,0,0,0,0,Guilford,00258231BM,2018-07-31 08:40:00,Active,2018,7
1339,498.0,00258555CM-999,Mica Town Brewing,Snyder and Causey Corp,Active,25 Brown Drive ,Marion,0.0,28752,321 East Oak Street,Marion,NC ,28752,McDowell,00258555BM,2018-06-28 09:44:00,Active,2018,6
1348,0.0,00258835CM-999,Crystal Coast Brewing Company,Crystal Coast Brewing Company LLC,Active,5220 Narron Business Drive,Morehead City,0.0,28557,PO Box 651,Atlantic Beach,NC ,28512,Carteret,00258835BM,2018-08-15 15:21:00,Active,2018,8
1349,501.0,00258966CM-999,B D D Brewing Company  ,B D D Brewing Company LLC  ,Active,1147 Falls Road Suite 107,Rocky Mount,0.0,27804,900 East Six Forks Road Apt 412,Raleigh,NC ,27604,Nash,00258966BM,2018-11-05 14:24:00,Active,2018,11
1356,0.0,00259152CM-999,Eurisko Beer Company,Between Two Worlds LLC,Active,255-257 Short Coxe Avenue,Asheville,0.0,28801,29 Dortch Avenue,Asheville,NC ,28801,Buncombe,00259152BM,2018-11-09 16:36:00,Active,2018,11
1358,504.0,00259156CM-999,Triskelion Brewing Company,Triskelion Brewing Company LLC,Active,669 Maple Street,Hendersonville,0.0,28792,257 Pine Valley Drive East,Flat Rock,NC ,28726,Henderson,00259156BM,2018-03-05 11:41:00,Active,2018,3
1362,0.0,00259544CM-999,Edward Teach Brewing,Edward Teach Brewing LLC,Active,604 North 4th Street,Wilmington,0.0,28401,0,0,0,0,New Hanover,00259544BM,2018-09-13 10:26:00,Active,2018,9
1364,506.0,00259573CM-999,Bull City Homebrew,Bull City Homebrew LLC,Active,1906 East Hwy 54 Suite 200-B,Durham,0.0,27713,0,0,0,0,Durham,00259573BM,2018-10-22 15:07:00,Active,2018,10
1368,0.0,00259857CM-999,Salty Turtle Beer Company,Salty Turtle Beer Company LLC,Active,103 Triton Lane,Surf City,0.0,28445,0,0,0,0,Pender,00259857BM,2018-09-21 10:27:00,Active,2018,9
1371,0.0,00259895CM-999,Seaboard Brewing Company,Seaboard Brewing Company LLC,Active,213 North Trade Street Bldg B,Matthews,0.0,28105,3517 High Ridge Road,Charlotte,NC ,28270,Mecklenburg,00259895BM,2018-07-03 08:53:00,Active,2018,7
1372,509.0,00260057CM-999,Leveneleven Brewing,Big Dans Brew Shed LLC,Active,1111 Coliseum Blvd,Greensboro,0.0,27403,2305 Carlford Road,Pleasant Garden,NC ,27313,Guilford,00260057BM,2018-10-04 13:57:00,Active,2018,10
1375,510.0,00260099CM-999,White Elephant Beer Company,Granite City Brews LLC,Active,225 Market Street,Mount Airy,0.0,27030,0,0,0,0,Surry,00260099BM,2018-10-04 14:08:00,Active,2018,10
1378,0.0,00260135CM-999,French Broad River Brewery,French Broad Brewery LLC,Active,101 Fairview Road Unit B and D,Asheville,0.0,28803,0,0,0,0,Buncombe,00260135BM,2019-03-06 16:43:00,Active,2019,3
1383,513.0,00260239CM-999,Hugger Mugger Brewing,Hugger Mugger LLC,Active,229 Wicker Street,Sanford,0.0,27330,PO Box 611,Carthage,NC ,28327,Lee,00260239BM,2018-07-12 15:57:00,Active,2018,7
1388,0.0,00260337CM-999,Brutopia ,Brutopia LLC,Active,1201 US Hwy 70 East Suite A,New Bern,0.0,28560,106 Palisades Way,New Bern,NC ,28560,Craven,00260337BM,2018-10-22 15:05:00,Active,2018,10
1390,0.0,00260735CM-999,Divine Barrel Brewing  ,Divine Barrel Brewing LLC  ,Active,3701 North Davidson Street Suite 203,Charlotte,0.0,28205,0,0,0,0,Mecklenburg,00260735BM,2018-11-08 09:55:00,Active,2018,11
1393,0.0,00261369CM-999,Glass Jug Beer Lab,Glass Jug LLC,Active,5410 NC Hwy 55 Suite V,Durham,0.0,27713,0,0,0,0,Durham,00261369BM,2018-11-13 09:36:00,Active,2018,11
1396,0.0,00261403CM-999,Moon Brew ,Moon Brew LLC,Active,1475 River Ridge Drive,Clemmons,0.0,27012,0,0,0,0,Forsyth,00261403BM,2018-11-14 11:03:00,Active,2018,11
1398,0.0,00261403CM-998,Moon Brew,Moon Brew LLC,Active,105 West Main Street,Jamestown,0.0,27282,0,0,0,0,Guilford,00272224BM,2019-06-24 09:38:00,Active,2019,6
1402,0.0,00261724CM-999,Triple C Brewing Company,Triple C Brewing Company LLC,Active,2900 Griffith Street,Charlotte,0.0,28203,0,0,0,0,Mecklenburg,00261724BM,2018-07-13 13:33:00,Active,2018,7
1404,521.0,00261724CM-998,Barrel Room at Triple C,Triple C Brewing Company LLC,Active,2832 Griffith Street,Charlotte,0.0,28202,2900 Griffith Street,Charlotte,NC ,28202,Mecklenburg,00251339BM,2018-07-13 13:59:00,Active,2018,7
1408,523.0,00262144CM-999,All Sevens Brewing,Rising Moon Endeavors Inc,Active,777 Haywood Road,Asheville,0.0,28806,27 Tremont Street,Asheville,NC ,28806,Buncombe,00262144BM,2018-09-20 08:06:00,Active,2018,9
1414,525.0,00262745CM-999,Lake Gaston Brewing Company,Lake Gaston Brewing Company LLC,Active,124 Hay Street,Fayetteville,0.0,28301,0,0,0,0,Cumberland,00262745BM,2018-10-08 11:43:00,Active,2018,10
1419,0.0,00262769CM-999,Mad Mole Brewing,Mad Mole Brewing LLC,Active,6309 Boathouse Road Unit C,Wilmington,0.0,28403,0,0,0,0,New Hanover,00262769BM,2018-10-08 11:48:00,Active,2018,10
1421,0.0,00263035CM-999,Vecino Brewing,YesterYears Brewery LLC,Active,300 East Main Street Suite C,Carrboro,0.0,27510,0,0,0,0,Orange,00263035BM,2018-10-15 10:30:00,Active,2018,10
1425,0.0,00263195CM-999,Funguys Brewing ,Funguys Brewing LLC,Active,2408 Paula Street,Raleigh,0.0,27608,106 Rainbow Court,Cary,NC ,27511,Wake,00263195BM,2018-10-18 15:27:00,Active,2018,10
1434,0.0,00264485CM-999,Fishtowne Brew House,Beaufort Future LLC,Active,133-B Turner Street,Beaufort,0.0,28516,425 Front Street,Beaufort,NC ,28516,Carteret,00264485BM,2019-01-14 09:57:00,Active,2019,1
1437,0.0,00264658CM-999,Oak City Brewing Company,Oak City Brewing Company,Active,616 North First Avenue,Knightdale,0.0,27545,0,0,0,0,Wake,00264658BM,2018-11-09 11:50:00,Active,2018,11
1439,0.0,00264720CM-999,Black Mountain Brewing,Black Mountain Brewing and Distilling LLC,Active,131 Broadway Avenue,Black Mountain,0.0,28711,117-C Cherry Street,Black Mountain,NC ,28711,Buncombe,00264720BM,2018-11-05 14:28:00,Active,2018,11
1441,534.0,00264942CM-999,King Canary Brewing Company,King Canary Brewing Company LLC,Active,562 Williamson Road,Mooresville,0.0,28117,0,0,0,0,Iredell,00264942BM,2019-02-08 15:27:00,Active,2019,2
1443,535.0,00265481CM-999,Cursus  ,Brouwerij Cursus Keme LLC ,Active,155 Thompson Street,Asheville,0.0,28803,52 Mulvaney Street,Asheville,NC ,28803,Buncombe,00265481BM,2019-03-18 15:13:00,Active,2019,3
1447,0.0,00265506CM-999,Brewers at 4001 Yancey,Artisanal Brewing Ventures Charlotte LLC,Active,4001 Yancey Road Building A,Charlotte,0.0,28217,"4001 Yancey Road Building A, Attn: Compliance Dept",Charlotte,NC ,28217,Mecklenburg,00265506BM,2018-11-09 14:14:00,Active,2018,11
1450,0.0,00265681CM-999,Whiteside Brewing Company,Whiteside Brewing Company LLC,Active,128 North Hwy 107,Cashiers,0.0,28717,PO Box 196,Cashiers,NC ,28717,Jackson,00265681BM,2018-11-14 14:52:00,Active,2018,11
1452,0.0,00265851CM-999,Oaklyn Springs Brewery  ,Oaklyn Springs Brewery Inc  ,Active,2912 North Main Street Suite 100 and 104,Fuquay Varina,0.0,27526,2229 Wade Nash Road,Holly Springs,NC ,27540,Wake,00265851BM,2018-11-14 13:33:00,Active,2018,11
1454,539.0,00266496CM-999,Camelback Brewing Company,Camelback Brewing Company LLC,Active,804 Spring Lane,Sanford,0.0,27330,1502 Lord Ashley Drive,Sanford,NC ,27330,Lee,00266496BM,2018-11-09 16:14:00,Active,2018,11
1457,540.0,00266920CM-999,Fermented Nonsense Brewing,Fermented Nonsense Brewing LLC,Active,100 Julian Shoals Drive Unit 40 Room 100,Arden,0.0,28704,100 Julian Shoals Drive Unit 40,Arden,NC ,28704,Buncombe,00266920BM,2019-01-03 08:57:00,Active,2019,1
1460,541.0,00267302CM-999,Pilot Brewing Company,Pilot Brewing Company LLC,Active,1331 Central Avenue Suite 104,Charlotte,0.0,28205,505 East 6th Street Unit 1006,Charlotte,NC ,28202,Mecklenburg,00267302BM,2018-10-22 10:42:00,Active,2018,10
1471,545.0,00267701CM-999,Skytown,Skytown Beer Company,Active,4712 New Centre Drive Suite 100,Wilmington,0.0,28405,0,0,0,0,New Hanover,00267701BM,2019-06-14 08:09:00,Active,2019,6
1474,546.0,00267727CM-999,Sideways Farm and Brewery,Sideways Brewing Company LLC,Active,62 Eade Road,Etowah,0.0,28729,0,0,0,0,Henderson,00267727BM,2018-12-14 10:15:00,Active,2018,12
1480,0.0,00268157CM-999,Goofy Foot Taproom and Brewery,Goofy Foot Taproom and Brewery LLC,Active,2762 Hwy 68 North Unit 109,High Point,0.0,27265,0,0,0,0,Guilford,00268157BM,2018-11-19 15:13:00,Active,2018,11
1481,549.0,00268159CM-999,Fourth Creek Brewing Company,Fourth Creek Brewing Company LLC,Active,226 West Broad Street,Statesville,0.0,28677,0,0,0,0,Iredell,00268159BM,2018-11-19 15:07:00,Active,2018,11
1486,0.0,00268180CM-999,Dry Falls Brewing Company,Dry Falls Brewing Company LLC,Active,425 Kanuga Road,Hendersonville,0.0,28739,PO Box 8851,Asheville,NC ,28814,Henderson,00268180BM,2018-11-09 16:21:00,Active,2018,11
1487,551.0,00268256CM-999,Sidetracked Taproom,Sidetracked Taproom LLC,Active,609 South Green Street Suite 100,Morganton,0.0,28655,0,0,0,0,Burke,00268256BM,2019-01-14 11:41:00,Active,2019,1
1490,552.0,00268337CM-999,Barrel Culture Brewing and Blending,Pellicle Brewing Company LLC,Active,4913 South Alston Avenue,Durham,0.0,27713,0,0,0,0,Durham,00268337BM,2018-11-09 13:46:00,Active,2018,11
1495,0.0,00268714CM-999,R and R Brewing,R and R Brewing LLC,Active,541 NW Center Street,Mount Olive,0.0,28365,PO Box 94,Mount Olive,NC ,28365,Wayne,00268714BM,2018-11-16 10:07:00,Active,2018,11
1496,554.0,00268762CM-999,Tobacco Wood Brewing Company,Tobacco Wood Brewing Company LLC,Active,117 Wall Street,Oxford,0.0,27565,0,0,0,0,Granville,00268762BM,2019-11-25 15:24:00,Active,2019,11
1501,0.0,00268766CM-999,Incendiary Brewing Company,B B C Investments LLC,Active,486 North Patterson Avenue Suite 105,Winston Salem,0.0,27101,0,0,0,0,Forsyth,00268766BM,2019-01-14 10:09:00,Active,2019,1
1503,0.0,00269298CM-999,Flying Machine Brewing Company,S and S Brewing Company LLC,Active,3130 Randall Parkway,Wilmington,0.0,28403,1921 Nun Street,Wilmington,NC ,28403,New Hanover,00269298BM,2019-01-14 10:03:00,Active,2019,1
1505,557.0,00269355CM-999,Town Brewing Company,Town Brewing Company LLC,Active,800 Grandin Road,Charlotte,0.0,28208,525 North Tryon Street Suite 1400,Charlotte,NC ,28202,Mecklenburg,00269355BM,2019-10-10 09:55:00,Active,2019,10
1508,558.0,00269962CM-999,Billy Beer,Billy Beer Inc,Active,50 Capital Drive,Walstonburg,0.0,27888,0,0,0,0,Greene,00269962BM,2019-01-14 09:48:00,Active,2019,1
1512,0.0,00270187CM-999,Pinehurst Brewing Company  ,Pinehurst LLC,Active,300 Magnolia Road,Pinehurst,0.0,28374,PO Box 2611,Raleigh,NC ,27602,Moore,00270187BM,2018-12-21 11:19:00,Active,2018,12
1513,560.0,00270742CM-999,Panacea Brewing Company,Panacea Brewing Company LLC,Active,311 Judges Road Unit 6B,Wilmington,0.0,28405,0,0,0,0,New Hanover,00270742BM,2019-06-18 09:52:00,Active,2019,6
1520,0.0,00270870CM-999,Nocturnal Brewing Company,Nocturnal Brewing Company LLC,Active,893 Hwy 64 Business,Hayesville,0.0,28904,0,0,0,0,Clay,00270870BM,2019-01-14 09:38:00,Active,2019,1
1524,0.0,00270873CM-999,Guidon Brewing Company  ,Guidon Brewing Company LLC  ,Active,415 8th Avenue East,Hendersonville,0.0,28792,0,0,0,0,Henderson,00270873BM,2019-06-21 07:42:00,Active,2019,6
1525,564.0,00271149CM-999,Rocky Mount Brewery,East Durham Brewing Company LLC  ,Active,1147 Falls Road Suite 145,Rocky Mount,0.0,27804,0,0,0,0,Nash,00271149BM,2019-06-14 09:18:00,Active,2019,6
1528,565.0,00271205CM-999,Laconia Ale Works  ,Laconia Ale Works LLC,Active,433 North Main Street,Sparta,0.0,28675,1192 Fisher Lane,Marshall,NC ,28753,Alleghany,00271205BM,2019-01-09 16:27:00,Active,2019,1
1533,0.0,00271280CM-999,Red Buffalo Brewing Company,Red Buffalo Brewing Company Inc,Active,108 North Center Street,Statesville,0.0,28677,0,0,0,0,Iredell,00271280BM,2019-06-14 13:55:00,Active,2019,6
1534,567.0,00271610CM-999,Levee Brewery and Pub,Levee Brewing Company Inc,Active,114 Main Street West,Valdese,0.0,28690,118 Main Street West,Valdese,NC ,28690,Burke,00271610BM,2019-06-24 09:44:00,Active,2019,6
1539,0.0,00271634CM-999,Fermentation Station ,Fermentation Station LLC  ,Active,216 Henderson Drive,Jacksonville,0.0,28540,0,0,0,0,Onslow,00271634BM,2019-01-17 09:34:00,Active,2019,1
1540,569.0,00272233CM-999,Thirsty Skull Brewing,Thirsty Skull Brewing LLC,Active,1056 McLaurin Road,Siler City,0.0,27344,161 Windsong Drive,Pittsboro,NC ,27312,Chatham,00272233BM,2019-06-04 08:24:00,Active,2019,6
1545,0.0,00272426CM-999,Percent Tap House,Percent Tap House LLC,Active,4250 Main Street Suite 109,Harrisburg,0.0,28075,0,0,0,0,Cabarrus,00272426BM,2019-06-21 08:07:00,Active,2019,6
1548,572.0,00272738CM-999,Tar Banks Brewing Company ,M R S Brews LLC  ,Active,108 North Main Street,Louisburg,0.0,27549,PO Box 984,Louisburg,NC ,27549,Franklin,00272738BM,2019-09-09 15:19:00,Active,2019,9
1551,573.0,00273002CM-999,Mikes Hard Lemonade Co American Vintage Bev Co,Mark Anthony Brewing Inc (Alternating Proprietorship) ,Active,110 Barley Park Lane,Mooresville,0.0,28115,328 South Jefferson Street Suite 1050 ,Chicago ,IL ,28117,Iredell,00273002BM,2019-03-18 14:50:00,Active,2019,3
1552,574.0,00273010CM-999,Old Well Brewery,Backyard Hospitality LLC,Active,1467 North Main Street,Mount Pleasant,0.0,28124,PO Box 1400,Mount Pleasant,NC ,28124,Cabarrus,00273010BM,2019-09-18 11:53:00,Active,2019,9
1556,0.0,00273457CM-999,Cotton House Craft Brewers,Cotton House Craft Brewers LLC,Active,301 South Academy Street Suite 102,Cary,0.0,27511,307 South Academy Street,Cary,NC ,27511,Wake,00273457BM,2019-11-22 08:41:00,Active,2019,11
1557,576.0,00273666CM-999,Ghostface Brewing,Ghostface Brewing LLC,Active,427 East Statesville Avenue Suite 100,Mooresville,0.0,28115,0,0,0,0,Iredell,00273666BM,2019-05-03 09:01:00,Active,2019,5
1563,578.0,00274215CM-999,Pharr Mill Brewing Company  ,Matthews Brewing Company LLC  ,Active,105 Oakley Drive,Harrisburg,0.0,28075,0,0,0,0,Cabarrus,00274215BM,2019-06-21 08:01:00,Active,2019,6
1568,0.0,00274368CM-999,Kernersville Brewing Company,Kernersville Brewing Company LLC,Active,1031 East Mountain Street Building 312 Suite 104,Kernersville,0.0,27284,0,0,0,0,Forsyth,00274368BM,2019-06-24 12:49:00,Active,2019,6
1571,0.0,00274437CM-999,Liquid Roots Brewing Project  ,Liquid Roots Brewing Project LLC,Active,1048 Harper Avenue NW,Lenoir,0.0,28645,0,0,0,0,Caldwell,00274437BM,2019-06-24 10:14:00,Active,2019,6
1572,581.0,00275151CM-999,Forgotten Road Ales,Forgotten Road Ales LLC,Active,141 East Harden Street,Graham,0.0,27253,0,0,0,0,Alamance,00275151BM,2019-06-21 08:26:00,Active,2019,6
1577,0.0,00275456CM-999,Big Game Brewing,Big Game Brewing LLC,Active,134 Industrial Park Drive,Trenton,0.0,28585,0,0,0,0,Jones,00275456BM,2019-11-19 11:43:00,Active,2019,11
1580,0.0,00275514CM-999,Burlington Beer Works  ,Burlington Beer Works Inc  ,Active,103 East Front Street,Burlington,0.0,27215,PO Box 991,Burlington,NC ,27216,Alamance,00275514BM,2019-10-17 15:18:00,Active,2019,10
1581,584.0,00276112CM-999,12 Bones Brewing,Q 2 Group LLC,Active,2350 Hendersonville Road Suite 20,Asheville,0.0,28704,69 Stamford Street,Asheville,NC ,28803,Buncombe,00276112BM,2019-09-19 12:24:00,Active,2019,9
1584,585.0,00276584CM-999,Nickelpoint Brewing Company  ,Double Decker Brewing Company LLC ,Active,506 Pershing Road,Raleigh,0.0,27608,549 Vista Del Lago Lane,Wake Forest,NC ,27587,Wake,00276584BM,2019-08-27 08:34:00,Active,2019,8
1589,0.0,00276663CM-999,Wye Hill Kitchen and Brewing,B B B C LLC,Active,201 South Boylan Avenue,Raleigh,0.0,27603,0,0,0,0,Wake,00276663BM,2019-08-26 13:24:00,Active,2019,8
1592,0.0,00278098CM-999,Armored Cow Brewing,Armored Cow Brewing Company Inc,Active,8821 J W Clay Blvd Suite 1-3,Charlotte,0.0,28262,0,0,0,0,Mecklenburg,00278098BM,2019-11-12 15:31:00,Active,2019,11
1595,0.0,00278102CM-999,Bright Penny Brewing Company,Bright Penny Brewing Company LLC,Active,107 North 7th Street,Mebane,0.0,27302,0,0,0,0,Alamance,00278102BM,2019-11-12 15:38:00,Active,2019,11
1596,589.0,00278391CM-999,Snowbird Mountains Brewery,Snowbird Mountains Brewery LLC,Active,378 Locust Street,Andrews,0.0,28901,649 Sugar Creek Road,Blue Ridge,GA ,30513,Cherokee,00278391BM,2019-08-27 11:30:00,Active,2019,8
1599,590.0,00278802CM-999,Southern Strain Beer Company,Southern Strain Beer Company LLC,Active,165 Brumley Avenue NE,Concord,0.0,28025,0,0,0,0,Cabarrus,00278802BM,2020-01-17 11:10:00,Active,2020,1
1603,592.0,00279676CM-999,New River Brewing,New River Brewing LLC,Active,108 South Third Avenue,West Jefferson,0.0,28694,380 Bucks Lane,Warrensville,NC ,28693,Ashe,00279676BM,2019-11-12 15:49:00,Active,2019,11
1621,0.0,0533CM-998,Highland Brewing Company,Highland Brewing Company Inc,Active,12 Old Charlotte Hwy Suite 200,Asheville,0.0,28803,0,0,0,0,Buncombe,00147108BM,2007-01-09 00:00:00,Active,2007,1
1629,0.0,0540CM-999,Carolina Brewing Company,Carolina Brewing Company LLC,Active,140 Thomas Mill Road,Holly Springs,0.0,27540,0,0,0,0,Wake,0540BM,1995-06-02 00:00:00,Active,1995,6
1632,607.0,0549CM-999,Top of the Hill Restaurant and Brewery,Micromanagers LLC,Active,"100 East Franklin Street, Suite F",Chapel Hill,0.0,27514,0,0,0,0,Orange,0549BM,1996-09-18 00:00:00,Active,1996,9
